Accident_Index,longitude,latitude,Age_of_Driver,Sex_of_Driver,Vehicle_Type,Age_of_Vehicle,Engine_Capacity_(CC),Weather_Conditions,Light_Conditions,Day_of_Week,Road_Surface_Conditions,Speed_limit,Casualty_Severity
1,78.61039332,14.72402585,74,2,9,-1,-1,2,1,3,2,30,2
2,78.53404158,14.76235346,42,1,11,3,8268,1,4,4,1,30,3
3,78.47087739,14.74560635,35,1,11,5,8300,1,4,5,1,30,3
4,78.55799399,14.66712796,62,1,9,6,1762,1,1,6,1,30,3
5,78.57643143,14.70344275,49,2,9,4,1769,1,7,2,2,30,3
6,78.53105133,14.73735895,49,1,3,10,85,2,1,3,2,30,3
7,78.51672417,14.77949108,51,1,9,1,2976,1,4,5,1,30,3
8,78.57055271,14.74135682,30,2,3,2,124,1,1,6,1,30,3
9,78.51020892,14.67901549,31,1,3,-1,-1,1,4,7,1,30,3
10,78.56704157,14.7992631,41,1,9,4,4266,1,1,7,1,30,3
11,78.63085265,14.80453592,68,1,9,16,5343,1,4,1,1,30,3
12,78.56039757,14.72807038,35,1,9,13,1998,1,4,3,2,30,3
13,78.54800398,14.73695141,48,2,9,-1,-1,2,1,3,2,30,3
14,78.51510124,14.78661225,42,1,11,2,8268,2,4,3,2,30,3
15,78.54884501,14.76177454,-1,3,90,-1,-1,1,1,3,1,30,3
16,78.62517787,14.79778677,34,1,9,6,1988,1,1,3,1,30,3
17,78.6056363,14.75023732,19,2,9,8,1124,1,4,5,1,30,3
18,78.48561567,14.67274885,20,2,3,1,124,1,1,6,1,30,3
19,78.59611776,14.76982921,47,2,9,2,1360,1,4,6,1,30,3
20,78.61996151,14.72219681,34,1,9,2,698,1,4,7,1,30,3
21,78.57722074,14.68993894,33,1,9,4,2148,1,4,2,1,30,3
22,78.60244576,14.78535045,42,1,5,2,1171,1,4,2,1,30,3
23,78.64223571,14.6911247,57,1,11,1,7300,1,4,2,4,30,3
24,78.63018181,14.684316,54,1,5,6,599,1,4,3,1,30,2
25,78.61960304,14.7120892,44,1,9,-1,-1,1,1,7,2,30,3
26,78.51960607,14.74996632,27,1,9,7,1998,2,4,4,2,30,3
27,78.54789008,14.75608546,26,1,3,-1,-1,1,4,1,1,30,2
28,78.48281105,14.76917912,33,1,5,1,599,2,1,7,2,30,3
29,78.48775217,14.76713783,31,1,9,5,1995,2,4,3,2,30,3
30,78.62494181,14.66271495,28,1,9,1,1997,1,4,4,1,30,3
31,78.63752981,14.71344373,-1,1,3,-1,-1,2,4,3,2,30,3
32,78.50776956,14.75667091,37,2,9,6,2792,9,1,5,1,30,3
33,78.59392551,14.77905066,25,2,1,-1,-1,1,1,7,2,30,3
34,78.53039236,14.71063037,43,1,9,10,1587,2,1,5,2,30,3
35,78.47719655,14.69047677,59,1,5,11,740,1,1,3,1,30,3
36,78.48284431,14.75576239,40,1,3,4,120,1,4,5,1,30,3
37,78.48314791,14.65934691,-1,1,19,-1,1998,1,4,5,1,30,3
38,78.57127371,14.72357252,54,1,9,-1,-1,1,1,1,1,30,3
39,78.60569287,14.77430844,59,1,9,1,1951,1,4,7,1,30,3
40,78.59067344,14.74691279,41,1,9,-1,1192,1,1,5,1,30,2
41,78.54745023,14.72881119,47,1,1,-1,-1,1,4,6,1,30,3
42,78.50725209,14.74086665,-1,3,9,7,1998,1,1,2,1,30,3
43,78.53432983,14.71956458,29,1,9,3,1796,1,1,7,1,30,3
44,78.55225769,14.75605991,-1,1,9,11,1996,1,4,3,1,30,3
45,78.47752203,14.65886224,28,2,4,14,398,1,1,4,1,30,3
46,78.5168018,14.72059903,39,1,9,8,1991,1,1,2,1,30,3
47,78.54244314,14.8042425,40,1,9,-1,-1,2,4,5,2,30,3
48,78.48020864,14.70004009,33,2,5,4,645,1,1,7,2,30,3
49,78.63411999,14.65696462,24,1,3,3,124,1,4,1,1,30,3
50,78.51191085,14.66926643,28,1,5,-1,-1,2,4,3,2,30,3
51,78.51845236,14.7951293,31,1,1,-1,-1,2,4,5,2,30,3
52,78.63335076,14.71925762,-1,3,9,-1,-1,1,1,6,1,30,3
53,78.63917889,14.79691544,43,1,4,1,244,1,4,3,1,30,3
54,78.55732153,14.75235597,40,1,9,1,1598,1,1,4,1,30,3
55,78.5178633,14.72475233,23,2,3,8,124,2,4,6,2,30,3
56,78.56840811,14.71223295,-1,3,9,-1,-1,1,1,3,1,30,3
57,78.48648092,14.7668848,46,1,9,9,1985,2,1,5,2,30,3
58,78.5896443,14.74396476,43,1,9,-1,-1,1,1,4,1,30,3
59,78.56578701,14.74663423,29,2,9,6,1590,1,1,2,1,30,3
60,78.59949243,14.79266069,-1,3,19,-1,-1,2,1,1,2,30,3
61,78.5428864,14.74747202,29,1,9,9,1597,1,1,3,2,30,3
62,78.51649786,14.71827284,-1,1,9,18,1117,1,4,2,1,30,3
63,78.58783427,14.79753447,36,2,9,1,1998,1,1,1,1,30,3
64,78.50462661,14.74186473,37,1,1,-1,-1,1,1,1,1,30,3
65,78.50372105,14.67450274,50,1,1,-1,-1,1,4,7,1,30,2
66,78.53697377,14.72235024,-1,3,9,8,1242,1,4,2,2,30,3
67,78.60142027,14.6920907,45,1,9,8,1596,1,1,5,2,30,3
68,78.51914542,14.65809725,25,1,9,3,1587,2,4,3,2,30,3
69,78.51682898,14.7622116,28,1,3,4,100,1,4,4,1,30,3
70,78.5874902,14.65829601,59,1,9,-1,-1,2,4,7,2,30,3
71,78.63977968,14.75147928,38,1,9,3,1595,3,1,5,2,30,3
72,78.49362006,14.70929212,39,1,5,3,599,2,4,6,2,30,3
73,78.50978723,14.70005993,23,1,9,1,1796,1,4,4,1,30,3
74,78.59567646,14.78371437,35,1,9,3,1598,8,4,7,2,30,3
75,78.54136949,14.79076767,42,1,8,3,2664,3,1,4,3,30,3
76,78.57581983,14.76767886,56,1,11,39,-1,1,1,6,2,30,3
77,78.50021904,14.69646545,28,1,5,1,599,3,1,6,2,30,3
78,78.60265286,14.67691971,72,1,9,1,1994,3,4,6,2,30,3
79,78.50214131,14.75677954,26,2,9,7,1840,2,1,6,2,30,3
80,78.4917798,14.66685741,70,1,9,18,1488,1,4,3,2,30,3
81,78.601506,14.79209554,65,2,1,-1,-1,3,4,2,2,30,3
82,78.53344659,14.79572839,50,1,3,2,124,2,1,3,2,30,3
83,78.48455418,14.70195026,35,1,11,5,8300,1,4,2,1,30,3
84,78.61444643,14.65835189,19,1,9,10,1493,2,4,4,2,30,3
85,78.63919316,14.78135494,22,1,9,-1,-1,1,1,5,1,30,3
86,78.58129086,14.78138849,54,2,9,10,1994,2,4,3,2,30,3
87,78.61902632,14.66241545,35,2,9,8,1390,2,4,3,2,30,3
88,78.59075788,14.67088489,-1,1,1,-1,-1,1,4,7,1,30,3
89,78.56631994,14.76510556,21,1,19,1,2151,1,1,3,1,30,3
90,78.52627463,14.74048644,45,1,11,41,9640,1,4,3,1,30,3
91,78.63780456,14.78069749,25,1,5,7,599,1,4,5,2,30,3
92,78.60107905,14.67955824,57,1,21,8,11946,2,4,7,2,30,3
93,78.59274347,14.76252813,36,2,1,-1,-1,1,4,7,1,30,3
94,78.56313479,14.67937043,30,1,11,-1,-1,1,1,3,1,30,3
95,78.60856414,14.74191231,49,1,9,-1,-1,1,4,1,1,30,3
96,78.59335206,14.70903447,58,1,8,12,2664,1,1,3,1,30,3
97,78.4715623,14.65677436,14,1,1,-1,-1,1,1,3,1,30,3
98,78.47488499,14.66076976,29,1,9,21,1990,1,1,4,1,30,3
99,78.63945235,14.71711614,41,1,9,5,1598,1,1,4,1,30,3
100,78.63908275,14.78005852,-1,1,9,9,1796,1,1,2,2,30,3
101,78.57058917,14.67090569,59,2,9,8,1998,1,1,5,1,30,2
102,78.46344518,14.74883981,43,1,5,7,599,1,4,1,1,30,3
103,78.47847421,14.73100256,24,1,19,-1,1870,1,1,3,1,30,3
104,78.53747456,14.71947132,58,1,9,-1,-1,1,4,2,1,30,3
105,78.62941011,14.78927976,24,1,9,4,1124,1,1,3,1,30,3
106,78.62081325,14.75982788,-1,1,9,9,1495,1,1,3,1,30,3
107,78.5261796,14.77397946,66,1,9,3,2495,1,1,4,1,30,3
108,78.56387498,14.72388961,59,2,1,-1,-1,1,1,6,1,30,3
109,78.62644835,14.68705541,19,1,3,7,85,1,1,4,1,30,3
110,78.63897516,14.72694687,29,1,9,-1,-1,1,1,5,1,30,2
111,78.52491295,14.79386514,29,1,9,-1,-1,1,4,5,1,30,3
112,78.63284938,14.73825519,32,1,9,-1,3175,1,4,5,1,30,3
113,78.46561537,14.66612627,-1,1,9,8,1998,1,4,1,1,30,3
114,78.57424101,14.68721774,34,3,9,2,1397,1,4,4,1,30,3
115,78.51496972,14.73016531,-1,3,9,-1,-1,1,1,5,1,30,3
116,78.59715089,14.69456664,19,1,9,-1,-1,1,1,1,1,30,3
117,78.59656167,14.74556922,29,1,3,1,124,1,1,2,1,30,3
118,78.62947418,14.66045209,58,1,9,12,1761,1,4,6,1,30,3
119,78.46851877,14.71027655,39,2,9,9,2799,1,1,1,1,30,3
120,78.57672392,14.77471619,39,1,3,2,125,1,1,4,1,30,3
121,78.63055429,14.80468822,40,1,9,16,1985,1,1,5,1,30,3
122,78.57629322,14.70767864,36,2,3,1,124,1,4,4,1,30,3
123,78.50329991,14.79490273,42,1,9,4,2597,1,4,5,1,30,3
124,78.51266275,14.69858571,63,1,8,6,2664,1,1,5,1,30,3
125,78.47503602,14.70878444,55,1,9,-1,-1,1,4,5,1,30,2
126,78.60791282,14.75358474,32,2,9,-1,-1,1,1,2,1,30,2
127,78.52983052,14.76179671,26,1,1,-1,-1,1,1,6,1,30,3
128,78.59331286,14.76420208,-1,3,9,8,1905,2,1,5,2,30,3
129,78.5308538,14.68323088,33,2,9,5,1396,1,1,5,1,30,3
130,78.48250575,14.66622816,22,1,3,1,125,1,1,4,1,30,3
131,78.54648246,14.70243018,40,2,9,-1,-1,1,4,4,1,30,3
132,78.58910297,14.6790203,29,1,1,-1,-1,1,1,5,1,30,3
133,78.59333209,14.78989934,30,1,20,2,-1,1,1,2,1,30,3
134,78.53104421,14.71726722,51,1,11,-1,-1,1,4,7,1,30,3
135,78.60886599,14.73851985,77,2,9,6,1600,1,1,7,1,30,2
136,78.4734492,14.65945932,54,1,1,-1,-1,2,1,5,2,30,3
137,78.63796093,14.69902435,45,1,9,-1,-1,1,1,7,1,30,3
138,78.58360051,14.68998045,-1,1,9,11,1781,1,1,5,1,30,3
139,78.58049308,14.78806724,22,1,19,3,2963,1,1,5,1,30,3
140,78.53138575,14.72621264,26,1,3,1,124,1,1,5,1,30,3
141,78.51771818,14.76506434,38,1,9,-1,-1,1,4,5,2,30,3
142,78.53267456,14.79669925,24,1,5,8,749,1,4,4,1,30,3
143,78.63541032,14.67611552,35,2,2,3,49,1,1,3,1,30,3
144,78.52016722,14.72006418,-1,3,9,-1,-1,1,1,6,1,30,3
145,78.53274753,14.69178919,-1,2,9,4,1970,1,1,7,1,30,3
146,78.51171699,14.80505263,52,1,1,-1,-1,2,1,4,2,30,3
147,78.52828898,14.6707471,31,1,2,2,49,1,4,6,1,30,3
148,78.53216836,14.6647056,-1,1,9,4,1598,1,1,4,1,30,3
149,78.49745637,14.79130625,39,1,9,-1,-1,1,1,2,1,30,3
150,78.56291399,14.66644638,26,2,1,-1,-1,1,1,6,1,30,3
151,78.57011463,14.73892886,29,1,9,11,1997,2,1,6,2,30,3
152,78.51418176,14.77872964,23,2,9,3,1242,1,1,6,1,30,3
153,78.52341118,14.7140019,47,1,19,-1,1870,1,4,1,1,30,3
154,78.48058843,14.80338568,41,1,9,2,1997,1,1,1,1,30,3
155,78.5968315,14.71049446,35,1,2,5,49,2,1,3,2,30,3
156,78.5092686,14.7857426,34,1,8,-1,-1,1,1,1,1,30,3
157,78.62373567,14.80490284,74,1,1,-1,-1,1,1,3,1,30,3
158,78.56280849,14.74109205,36,1,9,1,3246,2,1,4,2,30,3
159,78.61312089,14.79458328,-1,1,11,2,7300,1,4,5,1,30,3
160,78.55251349,14.70852042,29,1,1,-1,-1,1,4,4,2,30,2
161,78.61190049,14.74892807,49,1,11,4,7300,1,1,7,1,30,3
162,78.59225886,14.69449824,38,2,9,2,3950,1,1,7,1,30,3
163,78.50220319,14.71741426,27,1,19,-1,-1,1,1,6,2,30,3
164,78.53399951,14.78930585,47,1,9,-1,-1,1,1,5,1,30,3
165,78.55490051,14.71110477,34,1,1,-1,-1,1,1,5,1,30,3
166,78.51257609,14.69811304,38,1,5,3,645,1,1,2,1,30,3
167,78.61005704,14.70932652,42,1,3,2,125,1,1,4,1,30,3
168,78.54850974,14.79034087,40,1,9,-1,-1,1,1,3,1,30,3
169,78.63803175,14.68938755,39,2,9,5,4660,1,1,1,1,30,2
170,78.52925268,14.75885863,34,1,9,5,1900,1,1,4,1,30,3
171,78.63898644,14.68728438,37,2,9,5,3199,1,4,7,1,30,2
172,78.50523158,14.76601943,21,2,4,11,399,1,1,1,1,30,3
173,78.54525948,14.80095176,23,1,9,1,1360,1,4,7,1,30,3
174,78.5584442,14.70478832,40,1,1,-1,-1,1,1,7,1,30,3
175,78.62508454,14.66933649,-1,1,8,-1,-1,1,1,7,1,30,3
176,78.63903383,14.70006203,32,1,5,3,988,1,1,4,1,40,3
177,78.46785122,14.65660403,43,1,21,2,7790,1,4,1,1,30,3
178,78.52094189,14.76581159,40,1,9,15,1985,1,4,7,1,30,3
179,78.49043054,14.65876791,32,1,9,2,1896,1,1,6,1,30,3
180,78.54514131,14.79778304,48,1,9,12,954,1,1,4,1,30,3
181,78.58729119,14.69783034,47,1,9,-1,-1,2,1,2,2,30,3
182,78.52268708,14.79755994,54,1,11,3,8268,1,1,1,1,30,3
183,78.49527903,14.70743115,37,1,9,1,5998,1,1,2,1,30,3
184,78.55500885,14.72667968,57,2,9,4,1895,1,4,7,1,30,3
185,78.54323638,14.78592584,44,2,1,-1,-1,1,1,7,1,30,3
186,78.56939416,14.70715153,53,1,4,-1,-1,1,1,7,1,30,3
187,78.56145892,14.66703382,23,1,19,2,1686,1,1,5,1,30,3
188,78.58477415,14.7347871,43,2,9,6,1796,1,1,2,1,30,3
189,78.51221227,14.80488103,49,2,9,7,1998,1,1,2,1,30,3
190,78.51971959,14.68383777,37,2,9,-1,-1,1,1,6,1,30,3
191,78.59785657,14.79015961,-1,1,3,5,124,1,1,2,1,30,3
192,78.47933433,14.71668444,34,1,5,-1,-1,1,4,4,1,30,3
193,78.56026501,14.7992987,-1,1,8,14,2664,1,1,6,1,30,3
194,78.52194701,14.67553021,-1,1,3,-1,-1,1,1,4,1,30,2
195,78.46803998,14.68550389,30,1,5,-1,-1,1,1,5,1,30,3
196,78.56210707,14.69976021,33,1,3,2,124,1,1,5,1,30,3
197,78.63858789,14.80432387,38,1,9,-1,-1,1,1,4,1,30,3
198,78.59083118,14.67949361,51,2,9,8,1332,1,4,5,1,30,2
199,78.61180959,14.76776344,54,1,9,-1,-1,1,1,6,1,30,3
200,78.47324674,14.66436759,33,1,11,3,8268,1,1,3,1,30,3
201,78.51099805,14.66207149,-1,3,9,-1,-1,1,1,6,1,30,3
202,78.49568104,14.75084927,-1,1,1,-1,-1,1,1,3,1,30,3
203,78.56307436,14.70427349,46,2,9,12,1781,1,1,7,1,30,3
204,78.50749072,14.73600151,79,1,5,-1,-1,1,4,5,1,30,3
205,78.51133428,14.68102881,-1,1,9,-1,-1,1,1,1,1,30,3
206,78.53175096,14.7618112,29,1,1,-1,-1,1,1,5,1,30,3
207,78.4699991,14.66823316,27,1,2,1,49,1,1,7,1,30,3
208,78.58997564,14.74481977,-1,3,9,-1,-1,1,1,5,1,30,3
209,78.52515075,14.75371748,36,1,9,3,1242,1,1,1,1,30,3
210,78.49933886,14.70154968,-1,1,9,5,1800,1,1,7,1,30,3
211,78.46902561,14.72458462,51,1,9,12,998,1,1,7,1,30,3
212,78.55824492,14.66468949,62,1,9,-1,-1,1,4,5,1,30,3
213,78.55418383,14.77118443,58,1,8,-1,-1,1,1,6,1,40,3
214,78.57290637,14.68586346,19,1,9,1,1598,1,4,1,1,30,3
215,78.53876108,14.74219912,41,1,19,3,2402,1,1,2,1,30,3
216,78.61986326,14.73015342,24,1,4,13,399,1,1,1,1,30,3
217,78.50956466,14.74851539,28,1,19,2,2151,1,1,5,1,30,3
218,78.49658361,14.77771509,48,1,5,1,1130,1,1,2,1,30,3
219,78.48772909,14.68063512,39,2,9,-1,1896,1,4,1,1,30,3
220,78.63242285,14.67347275,-1,1,11,-1,-1,1,4,7,1,30,3
221,78.59659169,14.67742815,-1,1,9,-1,-1,2,1,5,2,30,2
222,78.48340251,14.77234364,66,1,9,1,4398,1,1,4,1,30,3
223,78.62145242,14.70635319,27,2,9,-1,-1,1,4,1,1,30,3
224,78.56335729,14.74545069,25,1,9,6,1783,1,1,6,1,30,3
225,78.51051755,14.73706108,20,2,9,-1,-1,1,4,7,1,30,2
226,78.51911099,14.79872311,31,2,1,-1,-1,1,1,4,1,30,3
227,78.61731038,14.66548537,33,1,5,3,618,1,1,2,1,30,3
228,78.52154554,14.68690148,-1,1,9,-1,-1,1,1,5,1,30,3
229,78.57084194,14.72122498,-1,1,9,5,1796,2,1,4,2,30,3
230,78.60753191,14.74998795,-1,3,9,-1,-1,2,1,5,2,30,3
231,78.54316762,14.73574955,66,1,9,2,1796,1,4,7,1,30,3
232,78.5258935,14.80328134,40,1,2,3,49,1,1,4,1,30,2
233,78.52988136,14.78118066,27,1,19,-1,-1,1,4,5,1,30,3
234,78.59297125,14.75655046,39,2,9,-1,-1,2,1,3,2,30,3
235,78.5090037,14.78931699,25,1,9,3,1988,2,1,7,2,30,3
236,78.57213853,14.76171002,45,2,3,-1,-1,1,1,5,1,30,3
237,78.49023676,14.77480917,-1,1,11,2,4250,1,1,5,1,30,2
238,78.50628714,14.71704441,39,1,9,-1,-1,1,1,5,1,30,3
239,78.55311898,14.68678665,12,1,1,-1,-1,1,1,7,1,30,3
240,78.49984809,14.76036765,-1,3,19,-1,-1,1,1,3,1,30,3
241,78.54306354,14.79621424,54,2,9,7,1389,1,1,6,1,30,3
242,78.50713341,14.75506939,30,2,1,-1,-1,1,1,2,1,30,3
243,78.53700723,14.73111455,42,1,9,3,1360,1,1,5,1,30,3
244,78.49172454,14.73206479,34,1,9,9,2295,1,1,3,1,30,3
245,78.61683574,14.71447647,31,1,5,8,1137,1,1,3,1,30,3
246,78.57384031,14.67299047,-1,1,9,-1,-1,1,1,3,1,30,3
247,78.53690866,14.66367782,-1,1,9,6,1598,1,1,1,1,30,3
248,78.49967402,14.68530086,37,1,5,-1,-1,1,1,6,1,30,3
249,78.49973569,14.72369516,41,2,9,13,1396,1,1,5,1,30,3
250,78.48617375,14.80351026,37,1,9,-1,-1,2,1,4,2,30,3
251,78.5693854,14.71688689,21,1,3,-1,-1,1,1,5,1,30,3
252,78.5114404,14.66381637,-1,3,9,7,1996,1,1,7,1,30,3
253,78.63823895,14.70077042,59,1,11,-1,-1,1,1,4,1,30,3
254,78.62302656,14.77154227,31,1,9,8,1796,1,1,3,1,30,3
255,78.57208692,14.68758605,21,1,1,-1,-1,1,1,5,1,30,2
256,78.51878533,14.79802942,49,1,10,18,1993,1,1,6,1,30,3
257,78.50909015,14.78240267,36,1,1,-1,-1,1,1,4,1,30,3
258,78.54811166,14.75619763,36,2,3,6,124,1,1,5,1,30,3
259,78.58016673,14.70005358,36,1,19,-1,-1,1,1,2,1,30,3
260,78.57654882,14.68743235,33,1,5,6,599,1,1,2,1,30,3
261,78.62258541,14.71756967,23,1,9,4,1796,1,1,5,1,30,3
262,78.54134847,14.76949621,30,1,5,2,645,1,4,3,1,30,2
263,78.50675512,14.79231236,-1,1,9,5,1762,1,1,4,1,30,3
264,78.47561149,14.67744995,49,1,9,16,1796,1,1,5,1,30,3
265,78.46669406,14.66280003,31,1,9,-1,-1,1,4,4,1,30,3
266,78.50632146,14.71686804,30,2,9,-1,-1,1,1,4,1,30,3
267,78.49209238,14.68786293,24,1,9,-1,-1,1,1,4,1,30,3
268,78.6282314,14.78187849,35,1,8,5,2664,1,1,6,1,30,3
269,78.62495166,14.7360332,13,1,1,-1,-1,1,1,4,1,30,3
270,78.63325003,14.66206471,-1,1,9,-1,-1,1,1,7,1,30,3
271,78.49548664,14.78413513,24,1,9,1,1598,1,4,5,1,30,3
272,78.51916272,14.80101683,45,1,3,9,124,2,1,6,2,30,3
273,78.61271387,14.78976302,32,1,9,3,2171,1,1,5,1,30,3
274,78.59020358,14.72741553,33,1,9,7,2494,1,1,2,1,30,3
275,78.55210481,14.69242758,51,1,8,-1,-1,1,4,5,1,30,3
276,78.48009176,14.78662026,44,1,1,-1,-1,1,1,4,1,30,3
277,78.51214606,14.69029968,35,1,5,19,564,1,1,6,1,30,3
278,78.57737336,14.77971545,52,2,9,2,4398,1,4,2,1,30,3
279,78.47616014,14.73265712,31,1,5,5,599,1,1,6,1,30,3
280,78.49170806,14.67588605,-1,1,9,-1,-1,1,4,4,1,30,3
281,78.47974987,14.73120154,34,1,1,-1,-1,1,1,7,1,30,3
282,78.55747894,14.76903097,29,2,9,8,1596,1,4,2,1,30,3
283,78.60541356,14.69379498,61,1,1,-1,-1,1,1,4,1,30,3
284,78.50441471,14.72828575,-1,1,19,-1,-1,2,1,6,2,30,3
285,78.63643436,14.7068718,32,2,1,-1,-1,1,1,3,1,30,3
286,78.53629181,14.71105868,74,1,9,-1,-1,2,1,5,2,30,3
287,78.57744448,14.66574332,59,2,9,3,1299,1,1,4,1,30,2
288,78.51809195,14.68098776,38,2,3,10,124,2,1,4,2,30,3
289,78.63146863,14.7590843,20,1,9,9,1396,1,1,4,1,30,3
290,78.52981934,14.76660078,20,1,3,2,124,1,1,2,1,30,3
291,78.48806092,14.79040413,32,1,9,9,1984,2,1,4,2,30,3
292,78.47544959,14.7335497,34,1,3,-1,-1,1,1,2,1,30,3
293,78.51424446,14.76544574,27,2,9,9,1799,1,1,7,1,30,3
294,78.63263448,14.68221368,52,1,1,-1,-1,1,1,2,1,30,2
295,78.58434051,14.78476528,39,1,9,6,3199,1,1,2,1,30,3
296,78.56507233,14.72774735,27,2,1,-1,-1,1,4,5,1,30,3
297,78.60023333,14.69295855,-1,3,9,3,3199,2,1,5,2,50,3
298,78.50713514,14.66838776,-1,1,8,-1,-1,1,1,5,1,30,2
299,78.52376459,14.78478488,38,2,9,-1,-1,1,1,3,1,30,2
300,78.63783856,14.75145227,36,2,9,10,1108,1,1,3,1,30,2
301,78.59327332,14.70024915,24,1,9,1,1600,2,1,5,2,30,2
302,78.60970802,14.69571563,45,1,3,4,85,2,1,2,2,30,3
303,78.51079953,14.75427531,27,2,9,13,1391,1,1,2,1,30,3
304,78.48965821,14.72656662,34,1,3,1,125,1,1,2,1,30,3
305,78.46936852,14.66938889,-1,1,9,4,1998,1,4,6,1,30,3
306,78.55689639,14.78242374,27,1,9,7,1970,1,1,6,1,30,3
307,78.60087333,14.78340726,42,1,9,-1,-1,2,1,5,2,30,3
308,78.55490165,14.72840825,30,2,9,6,1587,1,1,6,1,30,3
309,78.55771901,14.80221565,30,1,9,6,1800,1,1,3,1,30,3
310,78.54161986,14.69705483,37,1,9,9,1905,1,1,5,1,30,3
311,78.63439045,14.65839125,49,1,8,5,2446,1,4,5,1,30,3
312,78.4743251,14.77099798,-1,2,9,-1,-1,1,1,3,1,30,3
313,78.6301266,14.72254784,27,2,1,-1,-1,2,1,4,2,30,3
314,78.47012294,14.70951832,41,1,19,-1,-1,1,1,4,1,30,3
315,78.62984631,14.77544846,49,1,5,-1,-1,1,1,4,1,30,3
316,78.5962481,14.66968795,-1,1,9,7,1998,1,1,5,1,30,3
317,78.61894948,14.66778696,37,2,9,4,1242,1,1,2,1,30,3
318,78.5029841,14.7739841,36,1,1,-1,-1,1,1,2,1,30,3
319,78.47169251,14.79088419,30,1,5,2,1298,1,1,5,1,30,3
320,78.47963182,14.66667239,30,2,9,3,2979,1,1,1,1,30,3
321,78.6090894,14.69521069,-1,3,9,-1,-1,1,1,1,1,30,2
322,78.64246377,14.78980067,44,1,11,7,4250,2,1,5,2,30,3
323,78.63300268,14.68292814,-1,3,11,-1,-1,1,1,2,1,30,3
324,78.46977434,14.71538941,34,1,5,2,599,1,4,5,1,30,2
325,78.51827972,14.71925189,-1,1,9,4,1998,1,1,2,1,30,3
326,78.49127783,14.7749603,-1,1,19,3,2402,1,4,4,2,30,3
327,78.55483725,14.75836431,28,1,3,1,125,2,1,3,2,30,3
328,78.50241736,14.7203547,38,1,9,3,2979,1,1,5,2,30,3
329,78.62768177,14.76606565,42,1,9,-1,-1,1,4,5,1,30,3
330,78.62746924,14.66079676,34,1,8,6,2664,1,1,5,1,30,3
331,78.51025771,14.71864554,28,1,1,-1,-1,2,1,6,2,20,3
332,78.64165765,14.79135592,41,1,19,6,2461,1,1,5,1,30,3
333,78.49218747,14.75235812,25,2,1,-1,-1,1,1,6,1,30,3
334,78.5570065,14.7282784,41,1,9,5,2350,1,1,7,1,30,3
335,78.52693467,14.75035534,-1,1,5,6,600,1,4,2,1,30,3
336,78.60002982,14.72224332,22,1,11,1,730,1,1,7,1,30,3
337,78.48493829,14.7683047,29,1,19,8,1896,1,1,1,1,30,3
338,78.54929233,14.78308418,51,1,19,7,2299,1,1,4,1,30,3
339,78.48354668,14.76704076,31,1,9,-1,1497,1,1,3,1,30,3
340,78.56883318,14.79190576,8,1,1,-1,-1,1,4,7,1,30,3
341,78.56607108,14.666249,40,1,11,1,7300,1,1,7,1,30,3
342,78.6211453,14.80428889,62,1,9,1,1998,1,1,5,1,30,3
343,78.61721504,14.68315458,36,1,3,2,124,1,1,5,1,30,3
344,78.5055848,14.72490501,27,1,9,5,2500,1,1,6,1,30,3
345,78.61641686,14.66245571,28,1,3,1,125,1,1,7,1,30,3
346,78.5823083,14.79660932,49,1,3,4,125,1,1,5,1,30,3
347,78.46855776,14.71828871,41,2,9,2,3200,1,1,3,1,30,3
348,78.61866175,14.69414695,27,2,9,16,2962,1,1,7,1,30,2
349,78.54535858,14.6947375,38,2,9,-1,-1,1,1,6,1,30,3
350,78.54427878,14.66438323,51,1,19,-1,-1,2,4,5,2,30,3
351,78.55636369,14.67643296,45,1,1,-1,-1,1,1,6,1,30,3
352,78.48400842,14.67635323,49,1,19,2,2151,1,1,4,1,30,3
353,78.53793668,14.7856484,24,2,1,-1,-1,1,1,6,1,30,3
354,78.6360229,14.71844504,39,1,9,6,1799,1,4,5,1,30,3
355,78.47026242,14.68066512,-1,1,9,1,1997,1,1,6,1,30,3
356,78.59842131,14.79765213,36,2,9,2,1798,1,1,4,1,30,3
357,78.64251428,14.76959149,-1,1,9,5,2283,1,1,5,1,30,3
358,78.47596283,14.74644541,47,1,9,14,1997,1,1,2,1,50,2
359,78.54495123,14.75888938,54,2,9,17,1986,2,1,5,2,30,3
360,78.61574494,14.80011732,31,1,3,4,124,1,1,4,1,30,3
361,78.62832245,14.74078714,-1,1,19,-1,-1,1,1,4,1,30,3
362,78.46941866,14.66151845,41,1,8,10,2664,1,1,7,1,30,3
363,78.56585433,14.72923928,41,1,4,2,198,1,1,5,1,30,3
364,78.63201283,14.73800956,34,2,9,1,1299,1,1,3,1,30,3
365,78.56037816,14.80283387,48,1,8,4,2664,1,1,5,1,30,3
366,78.56228907,14.66234064,-1,3,9,-1,-1,1,1,3,2,30,3
367,78.61558599,14.7027698,-1,3,9,-1,-1,1,1,5,1,30,3
368,78.60065039,14.76434288,21,2,9,1,1242,4,1,3,1,30,2
369,78.55970579,14.80222413,48,1,9,-1,-1,1,1,3,1,30,3
370,78.62728887,14.79453532,-1,3,19,1,2151,2,4,4,2,30,3
371,78.47895,14.70259881,-1,3,9,-1,-1,1,4,4,1,30,3
372,78.57717785,14.69583234,34,2,9,-1,-1,1,1,6,1,30,2
373,78.52051856,14.662673,30,2,9,-1,-1,1,1,7,1,30,3
374,78.62378219,14.68170586,21,1,5,9,937,1,1,2,1,30,3
375,78.57691734,14.78841175,-1,3,8,-1,-1,1,1,1,1,30,3
376,78.46463445,14.74629362,-1,3,11,-1,-1,1,1,1,1,30,3
377,78.54016416,14.6832666,30,1,3,-1,-1,1,1,2,1,30,3
378,78.61614241,14.79293317,45,1,9,5,1998,1,4,1,1,30,3
379,78.54638543,14.74545249,32,2,9,7,1905,1,1,5,1,30,2
380,78.48554726,14.69804608,35,2,9,5,1000,1,4,6,1,30,3
381,78.60138877,14.74893791,24,1,5,2,599,2,1,2,2,30,3
382,78.48192255,14.73077678,-1,1,9,4,1598,1,1,4,1,30,3
383,78.6312254,14.74352327,49,2,9,-1,-1,1,1,3,1,30,3
384,78.51288319,14.67342825,18,1,1,-1,-1,1,1,4,1,30,3
385,78.60605337,14.69973985,37,1,11,4,7300,1,1,4,1,30,2
386,78.64267823,14.76034396,23,1,11,39,-1,1,1,5,1,30,3
387,78.60030099,14.70275233,29,1,5,6,645,1,1,5,1,30,3
388,78.60136994,14.66626162,36,1,9,9,1799,1,1,7,1,30,3
389,78.52266229,14.74112063,46,1,9,7,2438,1,1,4,1,30,3
390,78.47876653,14.73613254,27,1,9,-1,-1,1,1,7,1,30,3
391,78.60844324,14.72814121,44,1,9,1,1997,2,1,4,2,30,3
392,78.52641492,14.68632523,39,2,9,15,1595,1,1,4,1,30,3
393,78.63184943,14.67527076,28,1,4,-1,-1,1,1,3,1,30,3
394,78.48211029,14.72040501,36,1,9,-1,-1,1,1,4,2,30,2
395,78.51199714,14.70995112,-1,1,9,17,2304,1,1,5,2,30,3
396,78.5763601,14.77154152,28,1,1,-1,-1,1,1,3,1,30,3
397,78.55391299,14.7740181,-1,1,9,-1,-1,1,1,4,1,30,3
398,78.46301691,14.74720643,62,1,8,7,2664,1,4,5,1,30,3
399,78.62464892,14.75308679,-1,1,9,7,1997,1,1,6,1,30,3
400,78.46704417,14.75930861,42,1,9,4,3199,1,4,5,1,30,2
401,78.55848504,14.71539391,21,1,1,-1,-1,1,1,4,1,30,3
402,78.51732874,14.67259742,53,1,9,2,1461,1,1,7,1,30,3
403,78.6291288,14.72506759,-1,1,3,-1,-1,1,1,3,1,30,3
404,78.48220986,14.68614189,24,2,9,2,1598,1,1,5,1,30,2
405,78.60468858,14.7696256,48,1,5,1,1130,1,1,7,1,30,3
406,78.52351133,14.79383918,-1,3,9,-1,-1,1,1,3,1,30,3
407,78.63890419,14.66573112,36,1,2,-1,-1,1,1,4,1,30,2
408,78.5590911,14.78539287,47,1,9,11,1596,1,1,7,1,30,2
409,78.58491108,14.70506197,-1,1,9,9,1994,1,4,4,1,30,3
410,78.53573229,14.68513044,36,1,11,-1,-1,1,4,6,1,30,3
411,78.59324642,14.70488776,25,1,1,-1,-1,1,1,1,1,30,3
412,78.60800779,14.71657323,25,1,5,9,599,1,1,2,1,30,3
413,78.50281891,14.78494008,63,1,9,11,1905,1,1,6,1,30,3
414,78.63289752,14.70096225,45,1,5,9,1188,2,1,4,2,30,3
415,78.52944959,14.78035654,30,1,19,2,1998,1,1,5,1,30,3
416,78.503989,14.73325365,41,1,9,-1,1229,1,4,4,2,30,3
417,78.55804645,14.73436045,30,1,1,-1,-1,1,1,5,1,30,3
418,78.57389646,14.72614352,42,1,8,5,2664,1,4,4,1,30,3
419,78.46697367,14.75706621,41,1,9,5,2000,1,1,6,1,30,2
420,78.5708188,14.79659274,24,1,1,-1,-1,1,1,6,1,30,2
421,78.58075776,14.8006081,41,1,8,14,2664,1,1,3,1,30,2
422,78.59514156,14.75504229,37,1,9,11,1834,1,1,5,1,30,3
423,78.48505126,14.72608423,52,1,19,6,2496,1,1,1,1,30,3
424,78.51041316,14.80351657,32,2,9,16,1235,1,1,3,1,30,3
425,78.50446142,14.67104731,57,1,9,-1,-1,1,1,2,1,30,3
426,78.47072823,14.72987882,21,1,3,-1,-1,1,1,4,1,30,3
427,78.62242438,14.78233233,19,2,9,-1,1149,1,1,7,1,30,3
428,78.63723671,14.70518666,46,2,1,-1,-1,1,1,4,1,30,2
429,78.49125392,14.69749682,35,1,19,-1,-1,1,1,1,1,30,3
430,78.46883038,14.70053854,55,1,3,6,124,1,4,1,1,30,3
431,78.47601286,14.72609045,33,1,9,2,1242,2,4,2,2,30,3
432,78.61983671,14.71290057,47,1,11,4,7300,1,1,3,1,30,3
433,78.4663422,14.77668987,51,2,11,3,8268,1,1,2,1,30,3
434,78.58441322,14.77684065,39,1,5,4,599,1,1,4,1,30,3
435,78.47385387,14.74312333,47,1,9,8,2793,1,1,4,1,30,3
436,78.46305644,14.73622384,33,1,3,3,125,1,1,3,1,30,3
437,78.62101766,14.71119153,32,1,5,-1,-1,1,4,2,1,30,3
438,78.53655881,14.76164493,33,2,9,4,1242,2,1,2,2,30,3
439,78.54195346,14.73699922,35,1,3,-1,125,2,1,6,2,30,3
440,78.49315304,14.68513945,36,2,9,-1,2979,1,1,4,1,30,2
441,78.48506448,14.65919673,55,1,19,5,2295,1,4,6,1,30,3
442,78.61449753,14.79511709,27,1,11,3,7300,1,1,2,1,30,3
443,78.63211689,14.68203967,-1,3,4,-1,-1,1,1,5,1,30,3
444,78.57336095,14.71313183,24,1,1,-1,-1,1,1,5,1,30,3
445,78.57013826,14.70995349,-1,1,9,11,1580,1,1,6,1,30,3
446,78.54786125,14.66163674,29,1,3,1,124,1,1,5,1,30,3
447,78.56285873,14.65765885,-1,1,1,-1,-1,2,1,7,2,30,3
448,78.6262942,14.68990504,24,1,3,1,124,1,1,3,1,30,3
449,78.61861793,14.69698297,29,1,9,10,1390,1,4,1,1,30,2
450,78.57802053,14.73654687,23,1,9,-1,1598,2,1,2,2,30,3
451,78.53340528,14.7084104,26,1,1,-1,-1,1,4,3,1,30,3
452,78.5366164,14.73995023,39,1,9,9,1781,2,7,4,2,30,3
453,78.51340081,14.67804508,36,1,3,2,124,1,1,2,1,30,3
454,78.58528152,14.77507686,41,1,19,5,2151,2,1,6,2,30,3
455,78.47536095,14.79176727,39,1,5,1,582,1,1,5,1,30,3
456,78.63000205,14.67586399,34,1,9,9,1747,1,1,7,1,30,3
457,78.50319307,14.77584444,37,1,9,1,1998,8,4,7,1,50,3
458,78.50339206,14.66618362,21,1,1,-1,-1,1,1,2,1,30,3
459,78.47667376,14.66565288,36,1,8,-1,-1,1,1,5,1,30,3
460,78.52601813,14.65706308,34,2,9,2,1339,1,1,7,1,30,3
461,78.51698662,14.76981903,26,1,9,14,1124,1,1,6,1,30,3
462,78.56981112,14.7315291,49,1,11,1,7300,1,1,3,1,30,2
463,78.53563539,14.75917494,34,1,2,3,50,1,4,4,1,30,3
464,78.62011589,14.73027,58,1,19,3,2494,1,1,7,1,30,3
465,78.62134621,14.71357371,51,1,19,1,1998,1,1,5,1,30,3
466,78.49287921,14.76013263,-1,3,9,-1,-1,1,1,4,1,30,3
467,78.4813579,14.72713344,42,1,1,-1,-1,1,1,2,1,30,2
468,78.46616176,14.74759801,28,1,11,3,4250,1,1,3,1,30,3
469,78.55393523,14.80347702,54,2,1,-1,-1,1,1,4,1,30,2
470,78.61589988,14.75680176,23,2,1,-1,-1,1,1,6,1,30,3
471,78.51354649,14.66885171,-1,3,9,-1,-1,1,1,2,1,30,3
472,78.49115896,14.68705366,51,1,5,10,1084,1,4,3,1,30,3
473,78.57670121,14.68196887,66,1,19,2,2402,1,1,1,1,30,3
474,78.538297,14.70771612,52,1,5,1,1171,1,1,7,1,30,3
475,78.48344439,14.65894818,25,1,9,3,1598,1,4,6,1,30,3
476,78.49949279,14.70631967,27,2,9,1,2494,1,1,3,1,30,3
477,78.49013387,14.7615438,38,1,11,5,8300,1,1,3,1,30,3
478,78.48131639,14.68238373,24,2,9,8,999,1,1,2,1,30,3
479,78.54578293,14.73854161,50,1,3,4,125,1,4,4,1,30,3
480,78.59412747,14.69350728,30,1,3,4,125,1,1,5,1,30,3
481,78.46495284,14.6996605,-1,1,3,-1,-1,1,1,3,1,30,3
482,78.58577431,14.68655124,32,1,1,-1,-1,1,1,2,1,30,3
483,78.56078255,14.71183047,-1,1,9,-1,-1,1,1,6,1,30,2
484,78.60117738,14.78007427,-1,2,9,-1,-1,1,4,4,1,30,3
485,78.55489548,14.69390649,39,1,1,-1,-1,1,4,5,1,30,3
486,78.49036282,14.80095253,-1,1,9,3,2148,1,4,6,1,30,2
487,78.53908734,14.72035673,27,1,2,2,49,1,1,6,1,30,3
488,78.55830005,14.69055958,22,1,19,12,1681,1,4,3,1,30,3
489,78.58657755,14.66763161,23,1,19,1,1997,2,1,7,2,30,3
490,78.47041408,14.78019303,-1,1,9,-1,-1,1,1,3,1,30,3
491,78.58025622,14.68054046,38,1,21,3,6370,1,1,5,1,30,3
492,78.50651218,14.70776923,63,1,5,1,599,2,1,5,2,30,3
493,78.56027046,14.66189995,19,1,3,-1,124,1,1,7,1,30,3
494,78.60432551,14.69909915,-1,1,9,-1,-1,1,1,7,1,30,3
495,78.54189077,14.76339984,-1,3,5,-1,-1,1,1,1,2,30,3
496,78.5147826,14.71409468,60,1,9,-1,1998,1,1,5,1,30,2
497,78.58619041,14.6948484,34,1,3,1,125,1,4,3,1,30,3
498,78.55284025,14.70589803,17,1,2,1,49,1,4,3,1,30,3
499,78.47623416,14.6678057,27,2,9,4,1596,1,1,5,1,30,3
500,78.60778549,14.74711976,35,1,11,5,8300,1,1,4,1,30,3
501,78.48305977,14.76507334,29,1,5,1,984,1,1,5,1,30,3
502,78.54378485,14.72990613,25,1,9,8,1396,1,1,5,1,30,3
503,78.54577735,14.76021197,45,1,9,10,2598,1,1,3,1,30,2
504,78.63593486,14.72832204,19,1,19,-1,-1,1,1,2,1,30,3
505,78.63278385,14.7586629,36,1,9,5,973,1,1,6,1,30,3
506,78.54582232,14.696685,37,1,5,1,955,1,4,3,1,30,3
507,78.58628689,14.78168129,45,1,9,-1,1999,2,4,4,2,30,3
508,78.51634044,14.79510902,46,1,8,5,2664,1,4,6,1,30,3
509,78.63397403,14.6776865,-1,2,9,10,1596,1,1,6,2,30,3
510,78.56183682,14.70463357,67,1,9,11,1597,1,1,2,1,30,3
511,78.60976275,14.80158797,-1,2,9,2,4511,1,1,7,1,40,3
512,78.48905384,14.66230405,-1,1,9,5,1796,1,1,7,1,30,2
513,78.50356716,14.7526789,62,2,5,3,582,1,1,5,1,30,3
514,78.59497719,14.7680431,35,2,9,2,1998,1,1,2,1,30,3
515,78.60919974,14.71191324,56,1,9,4,1598,1,1,6,1,30,3
516,78.49789406,14.77239026,40,1,9,-1,1870,1,1,3,1,30,3
517,78.6220705,14.67691345,57,1,8,-1,-1,1,1,6,1,30,3
518,78.52625253,14.68154281,47,1,3,9,124,1,4,1,1,30,3
519,78.62495732,14.76180753,-1,3,9,-1,-1,1,4,2,1,30,3
520,78.553676,14.75505541,30,1,1,-1,-1,1,1,3,1,30,3
521,78.46333771,14.68100996,-1,1,11,-1,-1,1,1,7,1,30,3
522,78.51816129,14.72144039,38,2,9,1,2982,1,1,6,1,30,3
523,78.53854718,14.76649771,-1,1,3,-1,124,1,1,1,1,30,3
524,78.49698296,14.79614792,-1,1,19,6,1868,1,4,3,1,30,3
525,78.49675922,14.67054068,-1,3,9,-1,-1,1,4,7,1,30,3
526,78.49761819,14.73928909,27,1,1,-1,-1,1,4,6,1,30,3
527,78.5341393,14.68092624,25,2,9,2,1587,1,7,1,1,30,3
528,78.46913957,14.77539231,53,2,9,13,2000,1,1,4,1,30,2
529,78.63339848,14.67922786,34,1,9,-1,-1,1,1,7,1,30,3
530,78.58851177,14.747284,50,1,11,2,8268,1,1,2,1,30,3
531,78.6063134,14.7157971,-1,1,19,-1,-1,1,1,5,1,20,3
532,78.49037725,14.80105514,-1,3,4,-1,-1,1,1,5,1,30,3
533,78.59541939,14.66913367,29,2,9,-1,-1,2,1,6,2,30,3
534,78.46376752,14.75200724,31,2,1,-1,-1,1,1,5,1,30,3
535,78.48590059,14.76237952,31,2,9,18,2693,1,4,4,1,30,3
536,78.58416491,14.71565697,21,2,3,7,124,1,1,5,1,30,3
537,78.49891083,14.72609435,-1,1,8,-1,-1,1,1,7,1,30,3
538,78.50890387,14.69349066,35,1,9,4,1834,1,1,3,1,30,2
539,78.56599845,14.69242219,47,1,11,1,7300,1,1,2,1,30,3
540,78.56886634,14.78602364,25,1,9,6,1581,1,1,2,1,30,3
541,78.50750507,14.74829203,-1,1,9,6,1587,2,1,4,2,30,3
542,78.55933542,14.725884,30,1,2,-1,-1,1,1,3,1,30,3
543,78.51195934,14.73661094,29,1,9,-1,1149,2,4,4,2,30,3
544,78.6128827,14.66712032,49,1,19,4,2461,1,4,4,1,30,3
545,78.56452127,14.79873582,25,2,9,5,1998,1,1,7,1,30,3
546,78.62586752,14.7025344,57,1,11,4,7300,1,1,7,1,30,3
547,78.5974467,14.75748208,-1,2,9,-1,-1,1,1,6,1,30,3
548,78.59654869,14.7608293,39,1,11,3,8268,1,1,2,1,30,3
549,78.63019093,14.77798103,31,1,11,2,8268,1,4,7,1,30,3
550,78.4782755,14.7147547,26,1,21,5,-1,1,1,2,1,30,3
551,78.6173827,14.74062443,20,1,9,1,1598,1,1,3,1,30,2
552,78.52838454,14.71618967,28,1,5,4,599,1,4,2,1,30,3
553,78.48965276,14.79069376,26,2,9,-1,-1,1,1,2,1,30,3
554,78.62480201,14.76648669,25,1,3,4,124,1,1,4,1,30,3
555,78.54138585,14.6660723,24,1,1,-1,-1,1,4,1,1,30,2
556,78.62874336,14.76059573,30,1,9,10,1753,1,1,2,1,30,2
557,78.47319311,14.72627341,22,1,9,2,1686,4,4,5,2,30,3
558,78.58402346,14.74263641,-1,1,9,7,1948,1,1,4,1,30,3
559,78.62654124,14.7575194,-1,3,9,4,1598,1,1,5,1,30,3
560,78.6171538,14.76775498,41,1,1,-1,-1,1,1,2,1,30,3
561,78.51815695,14.75609074,21,1,11,-1,-1,2,4,4,2,30,2
562,78.53244648,14.77965823,-1,3,9,-1,-1,1,1,1,1,30,3
563,78.56820231,14.72934983,27,2,9,2,1242,1,1,2,1,30,3
564,78.54007916,14.74476723,22,1,20,-1,-1,2,4,4,2,30,3
565,78.58915475,14.77835088,35,1,9,-1,-1,1,4,6,1,30,3
566,78.60060903,14.71016891,40,1,1,-1,-1,1,1,7,1,30,3
567,78.5472371,14.66076528,42,1,9,-1,-1,2,4,4,2,30,3
568,78.62838208,14.76132107,-1,1,9,-1,2521,1,1,5,1,30,3
569,78.63250065,14.69744793,44,2,9,3,3700,1,1,1,1,30,3
570,78.61886194,14.71723915,29,1,9,-1,-1,1,1,7,1,30,3
571,78.58167138,14.79881899,40,1,9,1,4999,1,1,6,2,30,3
572,78.51203264,14.73136476,31,1,5,-1,-1,1,1,5,1,30,3
573,78.47883421,14.79828558,35,1,1,-1,-1,1,1,6,1,30,2
574,78.49058638,14.66180422,-1,1,9,-1,-1,1,4,3,1,30,3
575,78.49543944,14.71781157,36,1,5,-1,-1,1,1,5,1,30,3
576,78.55867748,14.79952493,-1,2,9,2,3199,1,1,5,1,30,3
577,78.57390913,14.66889486,29,1,9,3,2188,1,1,4,1,30,3
578,78.52127895,14.69624053,31,1,2,6,49,2,4,4,2,30,3
579,78.50552157,14.79473592,54,1,8,2,2402,1,4,1,1,30,3
580,78.63895279,14.77577504,-1,3,9,12,1590,1,1,7,1,30,2
581,78.57865943,14.75103947,31,2,1,-1,-1,1,4,6,1,30,3
582,78.63676959,14.70173692,40,1,9,7,1390,1,1,5,1,30,3
583,78.60142348,14.68140974,56,2,9,1,1968,1,1,6,1,30,3
584,78.5818859,14.66811099,-1,3,9,-1,-1,2,1,6,2,30,3
585,78.56842627,14.76460717,20,1,9,3,1598,1,1,3,1,30,3
586,78.59152243,14.76758135,60,2,1,-1,-1,1,1,2,1,30,3
587,78.57896877,14.71154081,-1,2,9,-1,-1,1,1,1,1,30,3
588,78.48758022,14.71809761,25,1,19,2,1461,2,1,4,2,30,3
589,78.48675863,14.74927634,30,1,4,-1,-1,1,1,2,1,30,3
590,78.57678183,14.78303014,34,1,20,-1,-1,1,4,5,1,30,2
591,78.57899015,14.65964872,30,1,5,5,599,1,1,7,1,30,3
592,78.62490477,14.80483931,45,1,9,7,1905,1,1,7,1,30,3
593,78.53366688,14.77838523,18,1,1,-1,-1,2,4,3,2,30,3
594,78.6172014,14.6679015,62,2,9,5,1390,1,1,6,1,30,2
595,78.60130547,14.72743472,-1,3,9,4,4398,1,1,5,1,30,3
596,78.52545234,14.75628041,37,1,1,-1,-1,2,4,4,2,30,3
597,78.56785658,14.80120204,-1,3,9,-1,-1,1,1,4,1,30,3
598,78.54206225,14.77813548,50,1,9,3,4966,2,1,6,2,30,3
599,78.63466843,14.71814252,49,1,9,-1,2401,1,1,5,1,30,3
600,78.49560538,14.77135752,31,1,2,5,50,1,4,6,1,30,2
601,78.48112066,14.69436257,-1,2,9,7,1390,2,4,1,2,30,2
602,78.48295543,14.79881572,-1,1,9,-1,-1,1,1,6,1,30,2
603,78.58646298,14.77242569,24,1,1,-1,-1,1,1,4,1,30,3
604,78.49775982,14.7067231,64,1,9,6,1299,1,1,4,1,30,3
605,78.60724185,14.67211084,23,2,1,-1,-1,2,1,4,2,30,3
606,78.63404963,14.69084283,36,2,9,-1,-1,1,4,1,1,30,3
607,78.55431158,14.72001337,-1,3,11,-1,-1,1,1,2,1,30,3
608,78.49765069,14.72458754,36,1,19,-1,2402,1,4,2,1,30,3
609,78.49671003,14.65815197,32,1,3,11,124,2,1,4,2,30,3
610,78.4629791,14.79671477,40,1,19,7,2874,1,1,7,1,30,3
611,78.60692847,14.79105088,59,1,8,10,2664,2,4,4,2,30,3
612,78.60753562,14.78427601,-1,1,9,-1,-1,1,4,4,1,30,3
613,78.56052044,14.78595575,52,1,5,27,1116,1,1,6,1,30,3
614,78.5427658,14.65849345,23,1,10,1,2461,1,1,4,1,30,3
615,78.47831102,14.68349365,25,1,90,-1,-1,1,1,4,1,30,3
616,78.48421104,14.72211686,30,1,9,-1,-1,1,4,2,1,30,3
617,78.5214697,14.66970088,42,1,9,2,2496,1,4,2,1,30,3
618,78.47360066,14.68583555,39,2,9,-1,-1,4,1,5,2,30,3
619,78.4900593,14.77182868,42,1,9,1,1998,1,4,6,1,30,3
620,78.4871846,14.73139017,34,1,1,-1,-1,1,4,7,1,30,3
621,78.46588685,14.79194865,42,1,11,2,7300,2,4,4,2,30,3
622,78.47268584,14.75778641,59,1,9,-1,-1,1,1,3,1,30,3
623,78.53585941,14.70090251,40,1,1,-1,-1,2,4,4,2,30,3
624,78.49257946,14.76530421,30,1,9,7,3239,1,4,2,1,30,3
625,78.50530785,14.6716357,30,1,1,-1,-1,1,1,5,1,30,3
626,78.53432479,14.8020567,-1,1,9,11,1998,1,1,6,1,30,3
627,78.55300597,14.73895987,59,1,9,-1,-1,1,1,2,1,30,3
628,78.51151883,14.65971093,-1,1,8,1,2402,1,4,3,1,30,3
629,78.46717931,14.7311196,23,1,1,-1,-1,1,4,3,1,30,3
630,78.50549275,14.66400243,20,2,9,3,1124,1,1,5,1,30,3
631,78.4907447,14.65964043,-1,1,9,3,1868,1,1,5,1,30,2
632,78.50569895,14.74283232,36,1,19,10,5861,1,1,3,1,30,2
633,78.47718287,14.68651496,38,2,1,-1,-1,1,1,7,1,30,3
634,78.48884711,14.74654005,25,1,9,2,2494,1,1,3,1,30,3
635,78.62425,14.75654426,31,1,1,-1,-1,1,1,6,1,30,3
636,78.59362043,14.76644118,25,1,19,12,2496,2,1,1,2,30,3
637,78.60297873,14.67116695,74,2,9,5,1596,2,4,2,2,50,3
638,78.48142709,14.79262228,38,2,9,7,1389,1,4,4,1,30,2
639,78.63659077,14.7142887,-1,2,9,-1,-1,1,1,6,1,30,3
640,78.59258747,14.68678304,45,1,5,3,1084,1,1,4,1,30,3
641,78.4946614,14.71057322,-1,1,9,-1,-1,2,4,6,2,30,3
642,78.53357623,14.77488344,43,1,8,8,2664,1,1,6,1,30,3
643,78.53685882,14.68402626,35,2,9,5,1895,1,1,6,1,30,3
644,78.56709982,14.67020131,33,1,1,-1,-1,1,4,1,1,30,3
645,78.53065774,14.72361297,54,1,8,1,2362,1,1,5,1,30,3
646,78.47746472,14.73738805,39,1,9,-1,-1,1,4,1,1,30,2
647,78.51793329,14.73128241,39,1,9,4,2295,1,1,5,1,30,3
648,78.61067443,14.68550805,35,1,2,-1,49,1,1,6,1,30,3
649,78.48257773,14.73812699,32,1,9,-1,-1,1,1,5,1,30,3
650,78.6404428,14.67309326,-1,1,4,-1,-1,4,7,4,1,30,3
651,78.62551446,14.68941398,27,2,9,6,1124,1,1,3,1,30,3
652,78.48538339,14.70675255,-1,3,11,-1,-1,2,4,5,2,30,2
653,78.53745082,14.65968377,28,1,1,-1,-1,1,1,5,1,30,3
654,78.56584996,14.73805299,53,1,11,3,8268,1,4,1,1,30,3
655,78.55935083,14.68502036,20,1,9,1,1598,1,1,6,1,30,3
656,78.46493143,14.71643165,60,1,1,-1,-1,1,1,6,1,30,3
657,78.56619066,14.69315943,40,2,9,-1,698,1,1,6,1,30,3
658,78.46993459,14.78062945,57,1,9,15,2997,1,1,6,1,30,3
659,78.47550379,14.66871617,29,1,1,-1,-1,1,1,4,1,30,3
660,78.53505735,14.69906911,-1,1,19,-1,-1,2,1,6,2,30,3
661,78.51933271,14.73410675,26,1,9,-1,-1,1,1,4,1,30,3
662,78.59179153,14.70777362,-1,1,19,-1,1870,1,4,7,1,30,3
663,78.49329067,14.69346451,32,1,8,9,1597,1,1,1,1,30,3
664,78.53420955,14.72151243,39,1,3,1,124,1,1,3,1,30,3
665,78.53093522,14.78882978,31,2,1,-1,-1,1,1,4,1,30,3
666,78.50725909,14.75350412,42,2,9,4,1998,2,4,6,2,30,3
667,78.5102802,14.70274489,45,1,19,7,1753,1,1,6,1,30,3
668,78.5808981,14.66575815,45,1,5,3,900,1,1,2,1,30,3
669,78.58605699,14.73222975,22,1,11,-1,-1,1,1,7,1,30,3
670,78.52811924,14.70210249,33,1,20,-1,-1,1,4,3,1,30,2
671,78.62674996,14.74447804,63,1,1,-1,-1,1,4,2,1,30,3
672,78.54151592,14.79506404,-1,3,9,-1,-1,1,1,2,1,30,2
673,78.4631131,14.75831549,31,1,9,-1,-1,1,1,6,1,30,3
674,78.51312119,14.65718127,29,1,9,-1,1339,1,1,6,2,30,2
675,78.48123514,14.73864743,42,1,9,12,1781,1,1,5,1,30,3
676,78.57086987,14.77131098,-1,1,3,1,124,1,1,4,1,30,3
677,78.63990636,14.69922755,64,1,8,11,3947,2,4,5,2,30,3
678,78.50778068,14.74063066,47,1,9,-1,2685,1,4,3,1,30,3
679,78.55515124,14.7139189,27,1,1,-1,-1,1,4,7,2,30,2
680,78.48450653,14.71697911,50,1,8,1,2148,2,4,4,2,30,2
681,78.48076453,14.69463831,35,2,3,7,124,1,1,7,1,30,3
682,78.58291037,14.69683078,29,1,9,-1,1198,1,1,3,1,30,3
683,78.49934564,14.69281141,46,1,11,1,7300,1,1,5,1,30,3
684,78.54464327,14.67160922,-1,1,19,-1,-1,1,4,2,1,30,3
685,78.59928762,14.71933092,47,1,8,4,2664,1,4,7,1,30,3
686,78.48798864,14.68806447,27,1,9,-1,1988,1,4,4,1,30,3
687,78.55940945,14.75913761,-1,1,9,7,1595,8,1,7,2,40,2
688,78.61763143,14.70362266,45,1,4,-1,-1,1,1,3,1,30,2
689,78.49607191,14.7503929,56,2,11,3,7300,2,4,2,2,30,3
690,78.46493053,14.74020017,58,2,9,-1,-1,1,4,7,1,30,3
691,78.576435,14.71537791,24,1,9,1,1390,1,4,6,1,30,3
692,78.56086536,14.79793238,35,1,5,-1,-1,1,4,3,1,30,3
693,78.52639022,14.77049408,25,1,3,-1,124,1,4,3,1,30,3
694,78.59617174,14.78944839,18,2,9,10,1196,1,4,6,1,30,3
695,78.59916024,14.79642049,43,1,5,-1,-1,1,4,7,1,40,3
696,78.62565882,14.79281737,51,2,9,10,1391,1,4,4,4,30,3
697,78.52472164,14.73007691,30,1,9,-1,-1,1,4,1,1,30,3
698,78.51478796,14.66167058,-1,1,9,4,1896,1,1,6,1,30,3
699,78.48739601,14.7083267,23,1,3,1,124,1,4,5,2,30,3
700,78.49907044,14.79253395,51,2,1,-1,-1,1,1,1,1,30,3
701,78.53298098,14.80051134,-1,1,9,18,1598,1,1,6,1,30,3
702,78.51631774,14.7070303,29,1,1,-1,-1,1,4,7,1,20,3
703,78.51772697,14.76350828,-1,2,9,5,1360,1,4,7,1,30,2
704,78.56192472,14.74528884,49,2,9,6,2398,1,1,5,1,30,3
705,78.58224146,14.71823719,-1,2,1,-1,-1,1,1,6,1,30,3
706,78.46939512,14.79361121,-1,2,9,-1,-1,1,1,7,2,30,3
707,78.61980847,14.75115313,34,1,5,7,955,1,4,6,1,30,3
708,78.48338704,14.78584508,28,1,9,-1,-1,1,4,6,1,30,3
709,78.5318091,14.67760443,58,1,1,-1,-1,1,4,4,1,30,3
710,78.52328197,14.78883601,-1,1,9,6,1753,1,4,2,1,30,3
711,78.52538528,14.76846474,37,2,1,-1,-1,1,4,4,1,30,3
712,78.59024609,14.7685258,-1,1,9,-1,-1,1,1,4,2,30,3
713,78.56365146,14.71927959,46,2,1,-1,-1,1,4,6,1,30,3
714,78.56501288,14.79590786,-1,1,9,-1,-1,1,1,4,1,30,3
715,78.57420691,14.7408943,27,1,9,7,1896,1,1,4,1,30,3
716,78.57357804,14.74449375,31,1,1,-1,-1,1,4,2,1,30,2
717,78.56642682,14.74229791,18,1,9,11,1396,1,1,2,1,30,3
718,78.58702116,14.71242525,-1,1,9,-1,-1,1,1,7,1,30,3
719,78.61159437,14.7091571,71,1,9,-1,-1,1,4,2,1,30,3
720,78.57643413,14.70980866,22,1,2,-1,-1,1,4,7,1,30,2
721,78.47068278,14.78471907,-1,1,9,7,1796,1,4,5,1,30,3
722,78.5322012,14.79235404,29,1,3,7,85,1,4,5,1,30,3
723,78.62059931,14.70433319,40,1,9,10,1597,5,4,6,2,30,3
724,78.58608668,14.71165076,74,1,8,-1,-1,7,4,6,2,30,3
725,78.62440547,14.76764425,30,1,1,-1,-1,1,1,2,2,30,3
726,78.50859909,14.70728448,30,1,11,4,7300,1,1,3,1,30,3
727,78.54225753,14.79020355,35,1,1,-1,-1,1,4,5,1,30,3
728,78.48850065,14.66567292,-1,1,9,-1,-1,8,1,2,1,30,3
729,78.51212682,14.67701795,29,1,3,2,125,1,4,4,1,30,3
730,78.48895467,14.68624096,26,1,19,3,2151,1,4,3,1,30,3
731,78.51016989,14.77935983,53,2,9,-1,-1,1,4,4,1,50,3
732,78.5219351,14.75357395,-1,1,1,-1,-1,1,1,5,1,30,3
733,78.54696095,14.73776762,36,1,5,7,800,1,1,2,1,30,3
734,78.53373312,14.68080215,33,1,2,-1,-1,1,1,6,1,30,2
735,78.51335757,14.77959904,27,1,9,5,1747,1,1,5,1,30,3
736,78.49994426,14.67823701,27,2,9,5,1390,1,4,7,1,30,3
737,78.58736014,14.76068363,60,1,9,8,1796,3,1,3,2,30,3
738,78.64248625,14.71525392,42,1,9,13,1997,1,1,3,1,30,3
739,78.46336628,14.65957523,23,1,1,-1,-1,1,4,2,1,30,3
740,78.48061228,14.67661972,24,2,9,4,1390,1,1,2,1,30,3
741,78.62018675,14.77677142,34,2,2,3,49,1,1,5,1,30,3
742,78.53330575,14.78876248,-1,2,9,9,1998,1,4,3,1,30,3
743,78.51896544,14.80035097,59,1,9,-1,-1,1,4,7,1,30,3
744,78.54211103,14.72644924,45,1,5,12,553,1,4,1,1,30,3
745,78.53561308,14.71217835,60,1,19,6,1753,1,1,1,1,30,3
746,78.56631258,14.67642426,33,2,9,-1,-1,2,4,7,2,30,3
747,78.50841127,14.72515298,-1,2,9,6,1998,1,1,3,1,30,3
748,78.48482531,14.79902643,40,1,9,1,3199,1,4,6,1,30,3
749,78.50491614,14.66629454,22,1,9,19,1272,1,1,2,1,30,3
750,78.55335984,14.78206235,25,1,2,-1,-1,2,1,2,2,30,3
751,78.62982139,14.69753589,25,1,9,2,1200,2,1,3,2,30,3
752,78.61480075,14.77830376,47,1,9,8,999,2,4,3,2,20,2
753,78.50006304,14.7702054,26,1,5,13,652,1,1,6,1,30,3
754,78.55043858,14.78488773,49,1,9,2,1951,1,1,7,1,30,3
755,78.54618772,14.68306318,39,2,9,10,1596,1,1,4,1,30,3
756,78.54016568,14.75904213,25,1,1,-1,-1,1,4,7,1,30,3
757,78.62261758,14.78471056,31,1,4,13,398,1,1,1,1,30,3
758,78.53635922,14.71995809,42,1,9,5,2494,2,4,6,2,30,3
759,78.60272558,14.74702075,-1,2,9,-1,-1,1,4,3,1,30,3
760,78.49973792,14.7577557,36,1,3,-1,124,1,1,2,1,30,3
761,78.62426118,14.80294019,-1,3,9,-1,-1,1,4,5,1,30,3
762,78.60509777,14.74785777,33,1,9,4,3596,2,4,5,2,30,3
763,78.47649681,14.71422731,27,1,1,-1,-1,2,1,5,2,30,3
764,78.50157054,14.77374202,28,1,3,2,125,2,4,5,2,30,3
765,78.56767056,14.74144163,31,1,9,7,1850,1,1,3,1,30,2
766,78.47169602,14.74334518,47,2,19,-1,-1,1,1,7,1,30,3
767,78.58278284,14.75444033,20,1,9,-1,-1,1,4,6,1,30,3
768,78.63645374,14.73016309,25,1,9,-1,-1,1,1,4,1,30,2
769,78.62829804,14.6808068,31,2,9,4,1396,1,1,4,1,30,3
770,78.48611225,14.6743264,20,1,9,2,1896,1,1,5,1,30,3
771,78.47057406,14.74510949,41,1,9,15,1986,1,1,4,1,30,3
772,78.51696219,14.69689878,32,2,1,-1,-1,3,1,6,2,30,3
773,78.53136818,14.7826852,33,1,3,4,100,1,1,3,1,30,3
774,78.53026748,14.76003928,35,2,9,6,1390,1,1,2,1,30,3
775,78.49275616,14.76443043,27,1,1,-1,-1,1,1,4,1,30,3
776,78.54104779,14.73366305,55,2,1,-1,-1,1,1,1,1,30,3
777,78.61900546,14.72803577,43,2,9,9,1597,1,1,5,2,30,3
778,78.59114412,14.69819048,45,1,8,-1,-1,1,1,7,1,30,3
779,78.57938744,14.68301239,68,2,1,-1,-1,1,1,7,1,30,3
780,78.57972863,14.77385914,48,1,5,7,599,1,1,4,1,30,3
781,78.59056651,14.66325902,37,1,9,16,1986,2,4,2,2,30,3
782,78.5886342,14.72808093,29,1,1,-1,-1,1,1,3,1,30,3
783,78.63069992,14.77216136,33,2,9,8,1360,1,4,5,1,30,3
784,78.47897547,14.71989645,-1,1,19,2,1997,1,5,6,1,30,3
785,78.61117606,14.76324707,27,1,2,-1,49,1,1,1,1,30,3
786,78.55763,14.75949334,47,1,21,5,4580,1,1,2,1,30,3
787,78.48349371,14.66969022,41,1,19,1,1686,1,1,3,1,30,2
788,78.61141495,14.66390904,31,1,3,1,125,1,1,5,1,30,3
789,78.59137263,14.73503876,19,2,9,6,1299,1,1,2,1,30,3
790,78.46939682,14.75124923,62,1,19,5,1968,1,1,3,1,30,2
791,78.56254923,14.70553238,20,1,3,6,124,1,1,4,2,30,3
792,78.47848666,14.66385567,37,1,5,1,625,8,1,4,2,30,2
793,78.59783157,14.67646135,35,1,9,4,3996,1,1,2,1,30,2
794,78.6110446,14.73713401,59,1,1,-1,-1,1,1,2,1,30,3
795,78.55864894,14.70959201,-1,2,9,-1,-1,1,1,4,1,30,3
796,78.5000687,14.743162,44,2,5,2,998,1,1,4,1,30,3
797,78.63512749,14.73854156,56,1,9,-1,-1,1,4,6,1,30,3
798,78.63235571,14.79525681,24,1,9,2,1598,8,1,5,2,30,3
799,78.60381126,14.75382235,40,1,9,3,1595,1,1,5,1,30,2
800,78.57000228,14.75543854,45,1,11,3,5883,1,1,2,1,30,3
801,78.53984569,14.790107,72,1,9,3,1783,1,1,3,1,30,2
802,78.48503018,14.69296021,37,2,9,9,1747,1,1,6,1,30,3
803,78.62414392,14.67019582,25,2,2,3,49,1,1,7,1,30,3
804,78.5724771,14.74080809,31,1,9,9,1781,1,1,3,2,30,3
805,78.56853469,14.78521746,-1,3,9,-1,-1,1,1,5,2,30,3
806,78.51503837,14.79993148,-1,3,9,-1,-1,1,1,4,1,30,3
807,78.5135403,14.71119968,27,1,2,-1,-1,1,1,7,1,30,3
808,78.46666707,14.66390804,41,2,9,5,1149,1,1,5,1,30,3
809,78.50349294,14.71407934,32,1,5,20,948,1,1,6,1,30,3
810,78.52057909,14.7467847,-1,1,9,-1,-1,1,1,6,1,30,3
811,78.54595632,14.73868783,19,1,9,6,1299,1,1,2,2,30,3
812,78.60920743,14.66056281,63,1,9,1,1998,1,1,5,2,30,3
813,78.6155184,14.79774566,36,2,9,9,1783,1,1,6,1,30,3
814,78.62680009,14.68606804,23,1,9,5,2793,1,1,6,1,30,3
815,78.51760837,14.76605635,-1,3,9,-1,-1,1,1,1,1,30,3
816,78.63766209,14.78658362,20,1,3,3,124,1,1,2,2,30,3
817,78.50584375,14.77939346,43,1,9,3,2979,1,1,5,1,30,2
818,78.49753095,14.67929181,28,1,9,4,1970,1,1,7,1,30,3
819,78.54314683,14.7583268,24,1,9,-1,-1,1,1,2,1,30,3
820,78.62299415,14.70726709,32,1,9,8,1396,1,1,2,1,30,3
821,78.48938697,14.76305315,27,2,1,-1,-1,1,1,4,1,30,3
822,78.58631576,14.79810293,62,1,8,10,2664,1,4,5,1,30,3
823,78.49251953,14.65949176,27,1,3,-1,124,1,1,5,1,30,3
824,78.55334015,14.70236325,58,1,8,-1,-1,1,1,5,1,30,2
825,78.60400159,14.66500204,50,2,9,-1,1599,1,1,4,1,30,3
826,78.52307382,14.71937654,25,2,9,14,1043,1,1,3,1,30,3
827,78.56177201,14.71615094,30,1,8,6,2664,1,1,5,2,30,3
828,78.59750398,14.6575533,35,1,11,1,7300,1,1,5,1,30,3
829,78.49113327,14.65746111,-1,1,9,-1,-1,2,1,6,2,30,3
830,78.58979212,14.70234844,45,1,1,-1,-1,1,1,4,1,30,2
831,78.62683963,14.66140018,66,1,9,4,1242,1,1,6,1,30,3
832,78.50130372,14.6807655,80,1,90,-1,-1,1,1,3,1,30,2
833,78.49273459,14.73314903,-1,2,9,22,1766,1,4,4,1,30,3
834,78.58128098,14.79331927,24,2,9,-1,-1,1,1,4,1,30,3
835,78.46822145,14.78327551,45,1,1,-1,-1,1,1,4,1,30,3
836,78.56619549,14.7083311,47,1,20,3,2449,1,1,5,1,30,3
837,78.56438245,14.79984009,41,1,5,3,647,1,1,3,1,30,3
838,78.55546534,14.7204139,17,1,3,5,125,1,4,3,1,30,3
839,78.55257512,14.80008513,20,1,9,11,1998,1,1,4,1,30,3
840,78.5323233,14.78751408,25,2,9,2,1595,1,1,4,1,30,2
841,78.56518449,14.70472129,33,1,9,8,1991,2,1,4,2,30,2
842,78.53138516,14.74911423,30,1,5,1,618,1,1,7,1,30,2
843,78.50711131,14.65912608,-1,3,2,-1,-1,1,1,2,1,30,2
844,78.50078786,14.78622968,23,1,1,-1,-1,1,1,3,1,30,3
845,78.49721907,14.66707582,-1,1,8,-1,-1,1,4,4,1,30,3
846,78.64054808,14.67912083,-1,1,9,-1,-1,1,1,5,1,30,3
847,78.6284478,14.67680266,21,2,9,17,1396,1,4,7,1,30,3
848,78.5897334,14.70916668,24,1,9,-1,-1,1,1,5,1,30,3
849,78.54045764,14.7876494,24,1,3,-1,124,1,1,7,1,30,3
850,78.5955878,14.71106954,-1,3,8,-1,-1,1,1,7,1,30,2
851,78.57351433,14.77432077,34,1,3,3,50,1,4,2,1,30,2
852,78.51430445,14.69269545,51,1,9,1,1598,1,1,2,1,30,3
853,78.59735691,14.75603082,-1,2,11,4,7300,1,1,3,1,30,3
854,78.53516913,14.74091404,42,1,9,-1,1596,1,1,3,1,30,3
855,78.58953697,14.67304314,43,2,9,3,1390,8,1,4,2,30,3
856,78.58053771,14.71341865,-1,3,9,-1,-1,1,1,7,1,30,3
857,78.54510769,14.78434887,31,1,9,3,2148,1,1,6,1,30,3
858,78.48300099,14.80254117,-1,2,9,1,1399,1,4,2,1,30,3
859,78.54907878,14.79621693,37,1,5,1,998,1,1,2,1,30,3
860,78.54353757,14.70618712,48,1,9,1,1896,1,1,2,2,30,3
861,78.62647118,14.69417703,24,1,9,6,1242,1,1,3,1,30,3
862,78.56903287,14.74397032,41,1,4,-1,499,1,1,4,1,30,3
863,78.51247311,14.7484772,33,2,9,-1,-1,1,1,6,1,30,3
864,78.46680009,14.7576191,-1,1,9,-1,-1,1,1,2,1,30,3
865,78.52691759,14.69228534,36,2,9,2,3222,1,1,6,1,30,3
866,78.47947198,14.73744548,43,1,4,7,499,9,4,6,1,30,2
867,78.4854993,14.67602407,26,2,9,6,1998,1,1,2,1,30,3
868,78.50724393,14.68608263,49,1,9,-1,1896,1,1,3,1,30,3
869,78.49225847,14.72368583,32,1,3,-1,124,1,1,4,1,30,2
870,78.59783171,14.68572673,-1,3,4,-1,-1,2,1,5,2,30,3
871,78.6156299,14.73441088,26,2,9,11,1389,1,1,3,1,30,3
872,78.60990863,14.72349093,-1,2,9,9,1299,1,1,6,2,30,3
873,78.56981754,14.69936499,-1,3,3,-1,-1,1,1,7,1,30,3
874,78.53721421,14.73704277,42,1,9,8,2495,1,1,3,2,30,2
875,78.48877285,14.68288463,34,1,5,2,599,1,1,4,1,30,2
876,78.5140371,14.77456414,-1,3,9,12,1590,1,1,5,1,30,2
877,78.55551995,14.69614753,28,2,9,2,1587,1,1,6,1,30,3
878,78.48119567,14.6829527,32,1,3,-1,-1,1,1,6,1,30,2
879,78.59054995,14.67395742,35,1,19,-1,-1,1,1,1,1,30,3
880,78.47144518,14.71586552,44,1,2,1,49,1,1,2,1,30,3
881,78.53021256,14.79552432,65,1,8,9,2664,1,1,3,1,30,3
882,78.59691843,14.77873799,44,1,4,-1,-1,1,1,6,1,30,3
883,78.6187215,14.69522894,59,1,2,6,49,1,1,6,1,30,3
884,78.4944526,14.72024776,27,2,1,-1,-1,1,1,3,1,30,3
885,78.51422911,14.75296116,-1,1,19,-1,-1,1,4,3,1,30,3
886,78.49459181,14.6818279,41,1,9,7,1762,1,1,4,1,30,3
887,78.60534967,14.76181126,33,1,5,3,599,1,1,4,1,30,3
888,78.54418105,14.79931008,-1,3,11,3,4250,1,4,1,1,30,3
889,78.59202187,14.79407915,65,1,19,8,2476,1,1,2,1,30,3
890,78.60155943,14.70517216,47,1,1,-1,-1,1,1,3,1,30,3
891,78.55611035,14.7461068,-1,1,9,-1,-1,1,1,6,1,30,3
892,78.55376423,14.70384594,38,1,5,2,600,1,1,2,1,30,3
893,78.50606069,14.74387701,-1,1,9,-1,-1,1,1,2,1,30,3
894,78.46548973,14.78120299,28,1,5,-1,600,1,1,3,1,30,3
895,78.59517342,14.76292929,-1,3,9,-1,1796,2,1,4,2,30,2
896,78.61377416,14.6756408,28,1,9,-1,-1,2,1,4,2,30,3
897,78.56356802,14.79912984,57,1,1,-1,-1,1,1,6,1,30,3
898,78.63459016,14.79716609,24,1,11,4,7300,1,1,5,1,30,3
899,78.60666952,14.67390709,40,1,11,-1,7300,1,1,5,1,30,3
900,78.51777863,14.75835271,39,1,5,15,805,1,1,6,1,30,3
901,78.55779501,14.80123396,-1,1,8,4,2664,1,1,2,1,30,3
902,78.52351294,14.74277571,22,1,9,3,1997,1,1,2,1,30,3
903,78.48234424,14.7301105,60,1,5,15,750,1,1,3,1,30,3
904,78.63481386,14.65966473,43,2,9,9,2497,1,1,4,1,30,3
905,78.53008164,14.74329191,35,2,1,-1,-1,1,1,4,1,30,3
906,78.54080922,14.71586046,26,1,9,5,1997,1,1,4,1,30,3
907,78.48031229,14.70212948,45,1,8,-1,-1,1,1,4,1,30,3
908,78.48460162,14.70841191,24,2,90,2,2689,1,1,5,1,30,3
909,78.51127093,14.79777924,31,1,1,-1,-1,8,1,6,2,30,3
910,78.46333383,14.70727257,-1,3,9,10,1299,1,1,4,1,30,3
911,78.54225748,14.80046083,-1,1,19,-1,1998,1,1,4,1,30,2
912,78.57190666,14.78907694,31,1,11,-1,3900,1,1,4,1,30,3
913,78.50426524,14.79945393,52,1,4,-1,-1,1,1,4,1,30,3
914,78.48101009,14.78829459,-1,1,90,-1,-1,1,1,6,1,30,3
915,78.59997217,14.77977565,38,1,20,3,5880,1,1,7,1,30,3
916,78.54412742,14.6784666,33,1,4,5,499,1,1,2,1,30,3
917,78.63005659,14.77176603,-1,3,9,-1,-1,1,1,4,1,30,3
918,78.46497986,14.69016136,19,2,9,2,2494,1,4,4,1,30,3
919,78.63110453,14.77783923,25,1,3,-1,-1,1,1,6,2,30,3
920,78.58212361,14.73555443,12,1,1,-1,-1,1,1,4,1,30,3
921,78.481781,14.75732563,57,1,9,-1,-1,1,4,1,1,30,3
922,78.6298154,14.75210662,40,2,9,4,2926,1,4,3,1,30,3
923,78.50195444,14.68076189,50,2,4,4,250,1,1,5,1,30,3
924,78.50935404,14.79884464,28,1,11,3,7300,1,1,5,1,30,3
925,78.57215175,14.69208577,46,2,9,3,2362,1,4,5,1,30,3
926,78.48590151,14.66780262,22,1,4,14,400,1,4,5,1,30,3
927,78.52675179,14.68000276,-1,1,9,9,1994,1,4,5,1,30,3
928,78.50437849,14.72976262,28,2,1,-1,-1,1,4,6,1,30,1
929,78.47233894,14.76657033,66,1,2,-1,-1,1,1,4,1,30,3
930,78.48501892,14.76527109,34,1,9,6,1587,1,1,4,1,30,3
931,78.51385823,14.72109644,-1,1,9,8,1589,1,1,3,1,30,3
932,78.63189793,14.80389512,36,2,8,10,2664,1,1,3,1,30,3
933,78.6077837,14.7177948,-1,1,19,-1,-1,1,1,1,1,30,2
934,78.5035625,14.74055436,35,2,9,-1,1798,1,1,3,1,30,3
935,78.62272381,14.7595178,-1,3,3,-1,125,1,1,4,1,30,3
936,78.57900679,14.67517085,40,2,9,4,1299,1,1,5,1,30,3
937,78.58490398,14.75432212,-1,2,9,-1,-1,1,4,6,1,30,3
938,78.61868466,14.80205768,-1,2,9,19,1990,1,1,2,1,30,3
939,78.47240785,14.72129037,-1,3,11,8,-1,2,1,2,2,30,3
940,78.60421504,14.69458491,57,1,9,3,1896,1,1,3,1,30,3
941,78.5805107,14.78718012,-1,1,9,10,5379,1,1,3,1,30,3
942,78.56092411,14.7581321,40,2,9,11,899,1,1,6,1,30,3
943,78.52677415,14.79166422,15,1,1,-1,-1,1,1,6,1,30,3
944,78.50360531,14.71696381,43,1,9,2,1997,1,1,2,1,30,2
945,78.55306561,14.72759159,63,1,9,4,1769,1,1,2,1,30,3
946,78.57923607,14.75503333,24,1,9,9,1598,1,1,2,1,30,3
947,78.60897602,14.71158925,-1,3,19,-1,-1,1,1,3,1,30,3
948,78.5765598,14.74213262,-1,3,9,10,1391,1,4,4,1,30,3
949,78.52671841,14.68078867,36,2,9,1,2979,1,1,3,1,30,3
950,78.55524463,14.69042546,83,2,9,-1,-1,1,1,3,1,30,2
951,78.59981572,14.66267877,56,3,9,11,5400,1,1,3,1,30,3
952,78.59530615,14.76500544,-1,2,9,6,1997,1,1,4,1,30,3
953,78.55812426,14.78133298,26,2,9,11,657,1,4,6,1,30,3
954,78.54913761,14.71192792,45,1,5,5,748,1,4,6,1,30,3
955,78.62410843,14.800773,65,1,8,15,2664,1,1,4,1,30,3
956,78.47041434,14.68409158,21,2,3,2,124,1,1,5,1,30,3
957,78.61701576,14.79077621,72,1,9,4,1242,1,1,5,1,30,3
958,78.61363208,14.72823997,34,1,1,-1,-1,1,1,6,1,30,3
959,78.51988468,14.65956328,-1,1,9,-1,-1,1,1,4,1,30,3
960,78.48496094,14.79594421,24,2,2,5,49,1,1,2,1,30,3
961,78.50287253,14.74612678,39,2,9,2,1397,5,1,2,2,30,3
962,78.58058655,14.80031115,-1,3,8,-1,-1,1,1,2,1,30,3
963,78.49428733,14.76244503,36,1,1,-1,-1,1,1,3,1,30,3
964,78.50046113,14.77152119,18,1,2,3,49,1,4,5,1,30,3
965,78.57387995,14.80206553,42,1,9,2,1198,8,1,6,2,30,2
966,78.51623317,14.75131348,40,1,9,5,1595,1,1,4,1,30,3
967,78.6402818,14.73302098,40,1,9,-1,-1,8,1,6,2,30,3
968,78.54162106,14.7588339,30,2,9,-1,-1,1,4,6,1,30,3
969,78.52199921,14.7642602,50,1,9,5,1495,2,4,6,2,30,3
970,78.59125372,14.71880254,64,1,9,8,1396,1,1,5,1,30,3
971,78.53062204,14.71267981,35,2,9,-1,-1,2,4,5,2,30,3
972,78.64212059,14.80129314,32,2,9,2,1587,1,1,3,1,30,3
973,78.55728206,14.80405137,42,2,1,-1,-1,2,1,5,2,30,3
974,78.4712504,14.76199062,35,2,9,1,1999,8,1,5,1,30,2
975,78.58077043,14.77915954,-1,1,9,6,1973,2,4,1,2,30,2
976,78.4981185,14.77386605,30,1,3,7,85,2,1,6,2,30,3
977,78.48082942,14.68198157,81,1,3,1,125,1,1,6,1,30,3
978,78.61845746,14.70530229,-1,1,21,-1,-1,1,1,6,1,30,3
979,78.565759,14.71850349,26,2,1,-1,-1,2,1,2,2,30,3
980,78.54562702,14.67216735,-1,3,9,3,2401,1,4,3,1,30,3
981,78.49898473,14.67618602,63,2,9,11,1389,4,4,3,2,30,3
982,78.47198115,14.76735588,-1,3,9,3,1796,1,4,3,1,30,3
983,78.48356356,14.70423813,-1,3,9,4,1390,1,1,4,1,30,3
984,78.58904911,14.79435882,-1,3,9,19,2962,1,1,5,1,30,3
985,78.62505423,14.70908493,41,2,9,8,1984,1,1,5,1,30,3
986,78.55092445,14.69439544,31,1,4,-1,-1,1,1,5,1,30,3
987,78.63293401,14.71486985,28,1,2,2,49,1,1,6,1,30,3
988,78.56442251,14.66937096,41,2,9,-1,1246,1,1,5,1,30,3
989,78.60146746,14.79622256,20,1,9,10,1598,1,1,2,1,30,3
990,78.59130349,14.7055304,19,1,9,5,1598,1,4,3,1,30,3
991,78.49714429,14.77110248,35,1,20,3,4751,4,1,5,2,30,3
992,78.592467,14.75885674,-1,1,9,-1,-1,1,1,5,1,30,2
993,78.54665341,14.68735332,-1,1,10,-1,-1,1,4,5,1,30,3
994,78.48093135,14.68614898,33,1,9,-1,-1,1,1,6,1,30,3
995,78.50126363,14.67650299,31,2,3,1,124,1,1,1,1,30,3
996,78.50608562,14.77596271,51,1,9,-1,-1,1,1,3,1,30,3
997,78.55410678,14.73111662,44,2,9,12,1124,8,4,3,1,30,3
998,78.59129213,14.68709198,9,1,1,-1,-1,2,4,4,2,30,3
999,78.4970115,14.78899457,28,1,3,8,124,1,1,4,1,30,3
1000,78.60609968,14.70943043,26,1,9,7,1781,1,1,3,1,30,3